{"cameraMode":{"drawMode":0,"name":"Shaded","section":"Shading Mode"},"sceneLighting":true,"audioPlay":false,"sceneViewState":{"m_AlwaysRefresh":false,"showFog":true,"showSkybox":true,"showFlares":true,"showImageEffects":true,"showParticleSystems":true,"showVisualEffectGraphs":true,"m_FxEnabled":true},"in2DMode":false,"pivot":{"x":54.6169548034668,"y":-50.26433563232422,"z":309.33624267578127},"rotation":{"x":0.07149691879749298,"y":0.07717052102088928,"z":-0.005789845250546932,"w":0.9942530393600464},"size":157.81851196289063,"orthographic":false}