{"cameraMode":{"drawMode":0,"name":"Shaded","section":"Shading Mode"},"sceneLighting":true,"audioPlay":false,"sceneViewState":{"m_AlwaysRefresh":false,"showFog":true,"showSkybox":true,"showFlares":true,"showImageEffects":true,"showParticleSystems":true,"showVisualEffectGraphs":true,"m_FxEnabled":true},"in2DMode":false,"pivot":{"x":-1079.3199462890625,"y":4.470100402832031,"z":3.90118408203125},"rotation":{"x":0.19280987977981568,"y":-0.050210755318403247,"z":0.008948813192546368,"w":0.979537844657898},"size":0.8660253882408142,"orthographic":false}