{"cameraMode":{"drawMode":0,"name":"Shaded","section":"Shading Mode"},"sceneLighting":true,"audioPlay":false,"sceneViewState":{"m_AlwaysRefresh":false,"showFog":true,"showSkybox":true,"showFlares":true,"showImageEffects":true,"showParticleSystems":true,"showVisualEffectGraphs":true,"m_FxEnabled":true},"in2DMode":false,"pivot":{"x":7.179131984710693,"y":-5.176276206970215,"z":4.275595188140869},"rotation":{"x":0.09492167830467224,"y":0.0625918060541153,"z":-0.006343657150864601,"w":0.9931883215904236},"size":3.6086478233337404,"orthographic":false}