{"cameraMode":{"drawMode":0,"name":"Shaded","section":"Shading Mode"},"sceneLighting":true,"audioPlay":false,"sceneViewState":{"m_AlwaysRefresh":false,"showFog":true,"showSkybox":true,"showFlares":true,"showImageEffects":true,"showParticleSystems":true,"showVisualEffectGraphs":true,"m_FxEnabled":true},"in2DMode":false,"pivot":{"x":-1169.9996337890625,"y":-7.389570236206055,"z":5.86075496673584},"rotation":{"x":0.05021802335977554,"y":0.026860766112804414,"z":-0.0024649975821375849,"w":0.9979977607727051},"size":10.067665100097657,"orthographic":false}