{"cameraMode":{"drawMode":0,"name":"Shaded","section":"Shading Mode"},"sceneLighting":true,"audioPlay":false,"sceneViewState":{"m_AlwaysRefresh":false,"showFog":true,"showSkybox":true,"showFlares":true,"showImageEffects":true,"showParticleSystems":true,"showVisualEffectGraphs":true,"m_FxEnabled":true},"in2DMode":false,"pivot":{"x":255.41046142578126,"y":-11.545459747314454,"z":238.53363037109376},"rotation":{"x":0.020032765343785287,"y":0.34277400374412539,"z":-0.007251064758747816,"w":0.9390760660171509},"size":157.81851196289063,"orthographic":false}